trade_id,symbol,signal_type,entry_ts,close_reason,signal_price,entry_price,exit_price,price_change_at_entry,pnl_pct,ml_label,signal_score,final_score,min_score_at_entry,entry_mode,triggered_count,entry_delay_sec,f_rsi,f_vwap_extension,f_volume_zscore,f_trade_imbalance,f_large_buy_cluster,f_price_acceleration,f_consecutive_greens,f_ob_bid_thinning,f_spread_expansion,f_momentum_loss,f_upper_wick,f_funding_rate,f_rsi_5m,f_large_sell_cluster,f_cvd_divergence,f_liquidation_cascade,realized_vol_1h,volume_24h_usdt,price_change_5m,price_change_1h,spread_pct,bid_depth_change_5m,btc_change_15m,funding_rate_at_signal,oi_change_pct_at_signal,trend_strength_1h
71,UAIUSDT,overheated,2026-04-13 03:23:00.86171+00,sl_hit,0.23713,0.23705,0.23965,-0.03373676886096096,-10.968150179287033,0,51.49214126034563,50.1,45,,7,60,69.25030110674066,0.519201636492399,2.0008030185543584,0,9,-0.1139029940021944,1,0,0,0,0.8695652173912991,5e-05,67.2761977401849,13,1,0.796,0.18762807872624543,0,0.8377275046776661,1.97072072072072,0,0,-0.02041080618461504,5e-05,-0.04973096597390127,-1
1,TRUUSDT,overheated,2026-04-12 07:32:20.585175+00,sl_hit,0.011574,0.011587,0.011659,0.11232071885260808,-6.213860360749042,0,53.93525809273841,,50,direct,7,15,76.49479856609788,5.079950873566893,2.3546451067848366,0,23,2.9472551713651716,3,0,0,0,0.046511627906978034,0,76.51420565569559,77,-0,0.3829396325459317,1.2246737670567218,20792411.534,0,,0,0,-0.010194747610173674,,-0.5023999669905812,-0.3
73,BLESSUSDT,early_warning,2026-04-13 04:19:25.472474+00,sl_hit,0.009391,0.009399,0.009493,0.08518794590564718,-10.001063942972692,0,48.55393800130473,49.7,45,,7,60,79.18919542184726,1.3867173481363715,0,0,18,-0.28551473162087426,6,0,0,0,0,0.00028918,67.3081815629681,45,1,0.5881234568149465,0.2950307370037627,0,1.1416262789445364,4.646215853112389,0,0,0.02496213371243572,0.00028918,-0.08186059195533188,-1
70,BANUSDT,overheated,2026-04-13 02:49:39.833211+00,tp_hit,0.08045,0.0804,0.07942,-0.06215040397761902,12.189054726368093,1,48.87183645682424,47.1,45,,7,60,69.92418968764115,0.4877338379452156,3.6498636657287484,0.566670368606065,80,0.18060674871541266,2,0,0,0,1.2580645161290742,0.00017113,68.68998314648492,8,-0,0.6835181818648919,0.3486345898994133,0,0.7892758707090851,2.6151294808011176,0,0,-0.032382963745160157,0.00017113,0.12404278221461805,-1
34,HYPEUSDT,overheated,2026-04-12 16:35:33.352867+00,tp_hit,41.224,41.297,40.872,0.17708131185717155,10.291304453107905,1,50.195922852219546,54.2,45,,7,60,75.08728334379418,0.2718623876635128,4.5169710251642305,0.3963108745827349,65,-0.012695281008878536,3,0,0,0,1.7499999999988898,0.0001,75.44218495803335,35,-1,0.762041884816754,0.07062471070868775,147279324.0838,0,1.1973250725279094,0,0,-0.003103474057068782,0.0001,0.22268425379279097,-1
33,CHILLGUYUSDT,overheated,2026-04-12 16:22:08.664712+00,tp_hit,0.013222,0.013192,0.013036,-0.22689456965662366,11.825348696179494,1,45.834836811259166,49.1,45,,6,60,66.18459158694345,0.1224996119948093,2.531998763476966,0.4723849044704607,47,0.4262056200547517,3,0,0,0,1.1698113207547256,5e-05,60.70996596152331,11,-0,0.4342105263157895,0.13746494893990685,0,0.2350087180653459,1.007172287501909,0,0,0.08513221612006454,5e-05,0.20428320718183646,-0.3
63,VVVUSDT,early_warning,2026-04-13 01:38:09.671954+00,tp_hit,8.2706,8.2757,8.1882,0.06166420815902774,10.573123723672964,1,45.028074866310114,45.1,45,,7,60,80.98309873179214,0.6364366336354621,0.3129105563977824,0.6290335128330544,46,-0.13563196932105623,6,0,0,0,1.1470588235293273,5e-05,71.22756222210589,8,-0,0.3409090909090909,0.14651460592735402,0,1.145911042081964,2.1503118631507347,0,0,-0.07325780701839497,5e-05,0.09500932156074662,-1
66,PLAYSOUTUSDT,overheated,2026-04-13 01:54:15.197009+00,tp_hit,0.08229,0.08232,0.08147,0.036456434560702695,10.325558794946591,1,47.54335864885071,45.7,45,,6,60,69.88668772505216,1.1895864971958339,2.596350289377628,0.5449862671743063,18,0.7362126470035796,1,0,0,0,0,5e-05,68.43024931182777,6,-0,0.43999999999999995,0.40783352864865097,0,1.6427865612648191,2.4782067247820745,0,0,-0.07489689381644346,5e-05,-0.06468458456527072,-0.3
68,KITEUSDT,overheated,2026-04-13 02:05:16.823055+00,tp_hit,0.13428,0.13427,0.13257,-0.007447125409599345,12.66105608103081,1,51.811905478598824,51.1,45,,8,60,65.96416553215802,0.6779670786776745,2.9033577953337613,0.500237603022202,54,0.21517627208729634,1,0,0,0,0.2941176470588667,5e-05,70.65486738661119,14,-0,0.7375,0.20985260706936248,7805067.0497,0.7351837959489937,2.6176808266360556,0,0,-0.00028106151311867205,5e-05,0.46953627744128096,-1
67,ICPUSDT,overheated,2026-04-13 02:04:00.012269+00,expired,2.43,2.428,2.435,-0.0823045267489804,-2.88303130148275,0,46.86411337559502,52.2,45,,7,60,79.68652482083957,0.17824297084307045,1.901447319542829,0.4637920196441385,17,0.008189601423859806,2,0,0,0,0,0.0001,66.33744594823389,7,-0,0.6202309836718304,0.04256923822245869,0,0.33030553261767165,0.4135649296939531,0,0,-0.043405277463662725,0.0001,-0.023568011196717947,0.3
72,COMPUSDT,overheated,2026-04-13 04:13:44.516635+00,sl_hit,20.2,20.225,20.43,0.12376237623763432,-10.135970333745279,0,48.33256003838442,45.5,45,,7,60,68.81528813210497,0.1583169955355244,1.7648362637028592,0,11,0.09915972149514037,2,0,0,0,0.8888888888889547,0,47.08583324431484,21,1,0.5328707834442297,0.08461572607645229,0,0.06439787982363958,0.30808984297356967,0,0,0.06643159379408438,-0.00042494,0.07560091844346391,-0.3
75,IDUSDT,overheated,2026-04-13 05:56:28.37443+00,tp_hit,0.03261,0.03263,0.03229,0.06133088009812691,10.419859025436715,1,45.733307807376335,47.9,45,,8,60,77.50153392108399,0.5011191511797246,1.4045564874620333,0.4318861342087548,25,-0.26576489098794226,0,0,0,0,6.000000000002776,0,71.50575240331749,5,-0,0.7837209302325581,0.13819725124780963,5844198.2536,1.1476426799007515,1.5581177937052053,0,0,-0.12936683689608747,-0.00113013,0.15538723926942227,-1
76,GIGGLEUSDT,overheated,2026-04-13 06:19:30.03074+00,tp_hit,35.29,35.27,34.65,-0.05667327854915279,17.578678763822072,1,47.414173140577496,45.9,45,,7,30,69.41548766382971,1.6359222199346495,2.5303254133768953,0.421923867431234,62,0.37649494644873044,3,0,0,0,0.769230769230786,1.861e-05,63.8941661574758,14,-0,0.8020746887966805,0.4503221196014342,7199123.8928,2.3491879350348093,3.6007025761124245,0,0,0.01648751176672438,1.861e-05,0.40926537389527784,-1
69,EDGEUSDT,overheated,2026-04-13 02:25:18.526934+00,tp_hit,0.9032,0.9033,0.8942,0.011071744906996124,10.074172478689247,1,45.49090566269341,50.8,45,,6,60,70.55048966598001,0.8324705401880428,2.0340926792316405,0.4025961694864019,23,0.3284396559617979,4,0,0,0,0.1388888888889026,5e-05,61.40344341871884,10,-0,0.7771428571428571,0.16470491325521294,0,1.096933064696668,1.0689771576459945,0,0,-0.11821312418992344,5e-05,0.20644236974271205,0.3
79,NIGHTUSDT,overheated,2026-04-13 06:55:14.402723+00,tp_hit,0.03907,0.03907,0.03867,0,10.238034297414833,1,45.14704754239759,45.2,45,,5,30,69.5703969680029,0.1828648101094744,19.83312405116824,0.3701411047854647,35,0.6801681416780702,2,0,0,0,0.4000000000000111,0,60.37022404018822,13,-0,0.75,0.1064581341128606,0,0.4628439187451777,0.7220216606498079,0,0,0.01985798023216348,-0.00229676,-0.025425245016747238,0.3
74,1000PEPEUSDT,overheated,2026-04-13 04:46:09.236183+00,tp_hit,0.003493,0.003488,0.003453,-0.14314342971657018,10.034403669724858,1,45.039161844945134,47,45,,7,60,67.959573924285,0.07877400556918496,5.12543028679051,0.7131842263646523,54,-0.09172187611027899,0,0,0,0,2.999999999999566,0,60.88082162343872,3,-0,0.713926568999842,0.056287741091589814,0,0.22955523672884345,0.3159103963239563,0,0,-0.03308731390145894,-0.00016861,0.0010416538891283961,0.3
77,HYPEUSDT,overheated,2026-04-13 06:20:03.951221+00,tp_hit,41.606,41.64,41.219,0.08171898283901101,10.110470701248783,1,46.17742458032694,46.2,45,,6,30,71.49573340971516,0.25796116417316367,4.289579146331309,0.6265863900814665,88,-0.016987137807171995,3,0,0,0,0,0.0001,61.21660255222257,12,-1,0.779283599312821,0.07609515061321769,0,0,0.8435228626297525,0,0,-0.052104236637727695,0.0001,-0.00021836343952960437,0.3
20,BEATUSDT,early_warning,2026-04-12 10:10:42.287969+00,sl_hit,0.31444,0.31402,0.31725,-0.13357079252002796,-10.285969046557401,0,45.17517647425956,,50,direct,7,30,61.663062987441194,0.08564194982716371,0.5443215688464624,0,13,-0.4982042646735206,0,0,0,0,0.08928571428570367,0,67.21715591767335,26,1,0.724,0.18137072810339602,0,0.09231258952729986,,0,0,-0.212429498390026,,0.46923122854703564,-1
36,LABUSDT,early_warning,2026-04-12 17:09:23.490225+00,sl_hit,0.53262,0.53144,0.53745,-0.22154631820058557,-11.30889658286911,0,46.753941566700384,45.5,45,,6,60,67.15074476731388,0.8423237764002125,0.33935490405857033,0,30,-0.6597570391588845,0,0,0,0,0.20270270270276555,0.00061287,73.22471627213667,65,1,0.7747774480712166,0.38065166318548793,15881068.9214,0.3920533795755213,3.7972715612732717,0,0,-0.058789030559033825,0.00061287,-0.07769362603820383,0.3
35,MUSDT,overheated,2026-04-12 16:43:09.566976+00,tp_hit,2.7913,2.7901,2.7613,-0.042990721169358787,10.322210673452542,1,54.346375404818694,52.4,45,,8,60,67.36731633918863,0.013360377875759886,9.69698076482413,0,27,0.020048784182330526,2,0,0,0,2.5714285714288887,5e-05,59.88934171029638,30,1,0.6261436262439837,0.07437311429948146,0,0.3306854534344675,0.2374271530325981,0,0,0.07637790829004662,5e-05,0.1712885898519018,-1
37,AIOUSDT,overheated,2026-04-12 17:29:49.487865+00,tp_hit,0.10855,0.10856,0.1068,0.009212344541695073,16.21223286661752,1,47.25417564570882,45.5,45,,7,60,74.15499449408954,2.513796565512238,1.5237644012516764,0.2597128798560739,63,-0.8476834447260225,0,0,0,0,0,0.00012633,76.28053613903832,37,-1,0.7502793296089385,0.643425852336993,0,0,7.147759584272972,0,0,-0.13263328517566625,0.00012633,0.8087436649443422,-1
10,ENJUSDT,overheated,2026-04-12 08:44:36.496216+00,sl_hit,0.032866,0.032889,0.033234,0.0699811355199969,-10.48982942625188,0,47.374975636154645,,50,direct,7,15,82.64519110711532,1.441373760523335,1.7269832700893748,0,50,-0.29933983506845196,6,0,0,0,0.028571428571456895,0,67.64773168056867,51,-0,0.7644607131871761,0.3125273759671645,30368884.5251,0,,0,0,-0.06317110584298273,,-0.02945039525149488,-0.3
6,DASHUSDT,overheated,2026-04-12 08:16:32.641384+00,sl_hit,42.65,42.7,43.13,0.11723329425557859,-10.07025761124121,0,45.84769747790631,,50,direct,6,15,76.69768886453562,0.5626704160514011,2.1315162274937958,0.22911036239004165,47,0.15432473250794157,4,0,0,0,0.3333333333333136,0,68.37875117620742,28,-0,0.7270529557344507,0.16109330465786215,0,0.732168162494084,,0,0,-0.024989180661995753,,0.5729770921066906,-1
5,BEATUSDT,early_warning,2026-04-12 08:15:16.4898+00,tp_hit,0.31077,0.31058,0.30709,-0.061138462528547786,11.237040376070734,1,45.04341245712551,,50,direct,7,15,60.139238208392655,0.46743750582617666,0,0,20,-0.10219822537275822,6,0,0,0,2.4285714285709754,0,68.41487376538761,20,1,0.5735239013402038,0.33685121826963255,0,0.5793255226875571,,0,0,0.013961605584642234,,0.23900775275654634,-1
18,CROSSUSDT,overheated,2026-04-12 09:40:41.281744+00,sl_hit,0.07452,0.07452,0.07541,0,-11.943102522812694,0,47.746454705474015,,50,direct,8,15,70.31491607160234,0.9002856814372665,2.273016162633806,0.3807795096485258,8,0.17993960666642153,5,0,0,0,0.7619047619047241,0,65.05020857954213,6,-0,0.763157894736842,0.22567595992646558,0,0.458344567268815,,0,0,0.007267645003489993,,0.3031077888158124,-1
2,VVVUSDT,overheated,2026-04-12 07:44:44.261924+00,sl_hit,8.0954,8.0957,8.1777,0.003705808236789747,-10.128833825363952,0,46.48503413434969,,50,direct,7,15,72.26028941020517,0.42257171750849565,15.861103662715717,0.5425778024624924,71,-0.19451418103254176,0,0,0,0,0,0,62.468216043943606,21,-0,0.7895027624309392,0.149411381028002,17062015.4763,0.6652656710478824,,0,0,-0.16203161429224408,,-0.002267182228547161,-1
42,EIGENUSDT,overheated,2026-04-12 18:02:00.875877+00,tp_hit,0.15637,0.15645,0.15467,0.05116070857581168,11.377436880792612,1,45,47.5,45,,6,60,75.08394345585023,0.7312160042722454,2.7015003117101064,0,6,-0.0077197826450870425,0,0,0,0,0,0,76.84847772052794,5,-0,0.617579860376539,0.0993007589381824,0,-0.012788541466840749,1.525280716557403,0,0,0.01603632649959934,-0.00013535,-0.14159913002832475,0.3
13,ZKUSDT,overheated,2026-04-12 09:12:37.448098+00,tp_hit,0.015658,0.015653,0.015495,-0.03193255843656956,10.093911710215304,1,45.886287116928195,,50,direct,7,15,74.54833075758492,0.33498324724122047,10.980025663068501,0.8249769417571443,30,-0.03486952601591005,4,0,0,0,0.1666666666665221,0,62.12860204587324,3,-0,0.7533333333333334,0.07180766091264186,0,0.8631795928884224,,0,0,0.07492835674845295,,-0.11650352977038705,-0.3
38,SUIUSDT,overheated,2026-04-12 17:53:14.364375+00,expired,0.9102,0.9098,0.9082,-0.0439463854097952,1.7586282699494897,1,51.333333333333336,50.6,45,,7,60,74.65122079916314,0.21684051526009504,10.15147082380152,0.6236652935775735,70,0.2403646319867845,4,0,0,0,0.4166666666666744,0.0001,72.6041627957329,7,-0,0.8087912087912088,0.05766194504495097,40884169.577,0.5523641184268675,0.8205810601020139,0,0,-0.13199425304340037,0.0001,0.014123070610076298,0.3
45,AAVEUSDT,early_warning,2026-04-12 18:55:49.743121+00,tp_hit,91.02,91.03,90.11,0.010986596352455632,10.106558277490956,1,47.66582182232894,49,45,,7,60,68.68396788089082,0.22445836193017604,0.5121624511962207,0,24,-0.03535426266784635,6,0,0,0,0.9999999999996447,0,71.47162603856157,42,1,0.5428209352426685,0.09679714674770956,0,0.20918198832984447,0.942454817607283,0,0,-0.03769460896766409,-6.626e-05,0.057472986889229714,-1
44,NEARUSDT,overheated,2026-04-12 18:06:34.689184+00,tp_hit,1.3606,1.361,1.3451,0.029398794649416138,11.682586333578268,1,50.84304295811373,46,45,,7,60,64.99914830486922,0.3404088008198919,5.605727417757307,0,32,-0.13571543643105835,0,0,0,0,0.16666666666666666,0,68.52940619129728,36,1,0.816883116883117,0.10458059743713347,0,0.1693293086946896,0.7192110921628265,0,0,-0.021514357669872603,-0.00011683,0.029731354428299307,0.3
46,1000BONKUSDT,overheated,2026-04-12 19:15:51.089279+00,tp_hit,0.005728,0.00572,0.005658,-0.139664804469262,10.839160839160913,1,49.478496865405475,45.8,45,,8,60,72.75774992296527,0.09899497257425875,2.0620547799713664,0.676805187211023,46,0.010415072748180793,10,0,0,0,0,0,63.19552578360163,7,-0,0.5351237804033993,0.052085682475385,0,0.15737016961006225,-0.06972285166462723,0,0,-0.0719702560426158,-6.878e-05,0.015579634226240414,0.3
41,ROSEUSDT,early_warning,2026-04-12 17:55:16.773475+00,tp_hit,0.010814,0.010819,0.010709,0.046236360273717365,10.16729827155936,1,46.18807794032452,45.8,45,,7,60,72.42791714395602,0.3348135093357916,1.2708245455641842,0.3411575405260282,5,-0.07078637596472209,5,0,0,0,2.7499999999993494,0.0001,68.13063231000318,2,-0,0.6264508969853633,0.09069966293138554,0,0.7640700708162549,1.1599625818522064,0,0,-0.20150970565240056,0.0001,0.22507686783954042,-1
40,FILUSDT,early_warning,2026-04-12 17:53:43.059386+00,tp_hit,0.8784,0.8782,0.869,-0.02276867030965141,10.475973582327471,1,47.60199387790413,50.7,45,,7,60,80.15502484720837,0.4577702915954397,1.0481955611919134,0,14,-0.05985115425951773,5,0,0,0,0.33333333333327164,0,80.23657996929124,26,1,0.5063152915696304,0.09391566324815732,0,0.8033050263943088,1.6545181071387356,0,0,-0.13199425304340037,-7.065e-05,0.0012332392160749077,0.3
43,GMTUSDT,early_warning,2026-04-12 18:03:28.588421+00,tp_hit,0.010713,0.010699,0.010592,-0.13068234854849362,10.000934666791238,1,45,48.1,45,,6,60,73.99788158941749,0.2113093612376234,0,0,9,-0.18685899120498872,0,0,0,0,0.08333333333341766,0.0001,71.95122106140045,6,1,0.7059191705763597,0.09337660111244309,3232266.8086,0.1776697213390679,1.7397090978229786,0,0,0.056290458767238954,0.0001,-0.060189523837607666,-1
39,SPXUSDT,overheated,2026-04-12 17:53:18.311737+00,tp_hit,0.3053,0.3055,0.3024,0.06550933508024172,10.147299509001611,1,45.521263067341565,52.8,45,,6,60,82.94790179356497,0.7077088058193818,4.75774045205342,0.5610914256561017,13,0.9192376575429145,4,0,0,0,0,5e-05,56.96927734672937,5,-0,0.3857142857142857,0.15092912194863523,0,1.1597084161696496,1.9365609348914952,0,0,-0.13199425304340037,5e-05,0.03939332350998425,-1
81,BANUSDT,early_warning,2026-04-13 06:58:46.231254+00,tp_hit,0.09343,0.0936,0.09235,0.18195440436690943,13.354700854700868,1,49.012888414158134,47.3,45,,7,30,72.20472900479142,2.448738765024811,0,0,32,0.001424007824320117,4,0,0,0.7,0.13888888888891246,0.00015428,68.63225391582736,33,1,0.7616822429906542,0.9797268127344192,11194418.4708,2.0981313517648403,5.607794267588077,0,0,0.009012573948885653,0.00015428,-0.19194559430273883,-1
78,WETUSDT,overheated,2026-04-13 06:50:49.866426+00,tp_hit,0.10978,0.10969,0.10854,-0.08198214611040876,10.484091530677349,1,49.595810758306996,46.9,45,,7,30,73.56179638929284,0.5796463639954358,2.768680917502448,0.4768044892084296,40,-0.12063654036252494,9,0,0,0,1.799999999999556,5e-05,62.13883442778381,7,-0,0.7697674418604652,0.253343013784402,8830259.3766,1.7329255861365922,0.7140869887786393,0,0,-0.023931763503497554,5e-05,-1.1093776233639123,-0.3
82,LABUSDT,overheated,2026-04-13 07:04:40.734163+00,tp_hit,0.54917,0.54922,0.54282,0.00910464883369348,11.65288955245634,1,47.55593559454794,47.6,45,,7,30,68.73594183151059,1.4349193643147835,2.258102434128392,0.13933553470833507,34,-0.11988197731828407,6,0,0,0.7,0.02941176470582953,5e-05,60.33832334974372,30,-0,0.7814814814814814,0.2940535746941821,0,2.5604153438165316,0.943431129527564,0,0,0.014087701577399945,5e-05,-0.04607373728598136,0.3
83,AIOUSDT,overheated,2026-04-13 07:16:39.815704+00,tp_hit,0.11508,0.1152,0.1136,0.10427528675703433,13.888888888888804,1,46.61141581619743,48.6,45,,9,30,60.90498681811371,2.9393278245278083,1.6457818612396427,0.41070979924079515,19,-0.624747314539224,6,0,0,0.7,11.999999999999075,5e-05,49.45986694552291,8,-0,0.7410958904109589,0.6160876710020431,0,3.5543957527220322,0.09616225194509921,0,0,-0.011428845559619519,5e-05,-0.4646072935794594,-1
84,0GUSDT,overheated,2026-04-13 07:20:44.242562+00,sl_hit,0.6227,0.6227,0.6292,0,-10.438413361169022,0,48.71787795101731,45,45,,7,30,69.69673907540461,0.7022985080985882,1.608159037520188,0,10,-0.03552819332212025,1,0,0,0,1,0,52.60329046394418,19,1,0.6301472949108795,0.16825781622530628,27239016.901,0.16084928422068534,1.2353706111833633,0,0,0.05873748298588503,-0.00513141,0.3564950304067062,-0.3
8,CFGUSDT,early_warning,2026-04-12 08:36:40.045324+00,tp_hit,0.2114,0.2113,0.2091,-0.04730368968780357,10.411736867013628,1,45.43123959180974,,50,direct,7,15,67.2734976652224,0.9730795748739075,0.9747575280256534,0,16,-0.31276040091111523,0,0,0,0,0,0,64.57553744373371,17,1,0.6151608111943159,0.31519605718120197,0,0.5230622919638696,,0,0,0.01939964382811382,,0.8764115251099353,0.3
12,PARTIUSDT,overheated,2026-04-12 09:10:25.434594+00,tp_hit,0.04857,0.04862,0.0481,0.10294420424128987,10.695187165775392,1,46.891430808215844,,50,direct,7,15,74.2535510879842,0.3463092225187004,2.186968593089368,0.5134732092635501,16,-0.07047569402919593,4,0,0,0,0,0,53.572860538326445,9,-0,0.7724137931034483,0.12733197744513527,0,0.6215040397762619,,0,0,0.07688694543543173,,0.05128151470107804,-0.3
21,WLDUSDT,overheated,2026-04-12 10:18:21.585772+00,closed_manual,0.2947,0.295,0.2927,0.1017984390905894,7.79661016949142,1,47.176949709052316,,50,direct,6,30,80.54074096691089,0.34000962854329736,41.12065179550633,0.725611713462807,93,0.7530822495027699,2,0,0,0,0.17391304347826822,0,74.61199708388244,7,-1,0.3819230769230769,0.15393655786563268,0,0,,0,0,-0.03141905195454431,,0.02407544064709806,-1
23,1000TAGUSDT,overheated,2026-04-12 11:05:50.875459+00,sl_hit,0.8538,0.8526,0.8652,-0.1405481377371725,-14.778325123152644,0,50.38065248386071,,50,direct,7,30,67.41659025808569,0.8397467026944405,4.096205584944103,0,18,0.022692916597963353,4,0,0,0,0.40000000000004443,0,63.90807930100758,17,1,0.7306382978723405,0.3537680233857364,0,0.9458500827618831,,0,0,0.016246043528200638,,-1.1488685619090222,-1
22,BANUSDT,early_warning,2026-04-12 11:04:15.127445+00,sl_hit,0.06808,0.06806,0.06875,-0.02937720329025576,-10.138113429327213,0,45,,50,direct,6,30,73.50607915663586,0.8154222742344385,0.26480219107061015,0,21,-0.013484074557045145,2,0,0,0,0.7500000000000867,0,75.29675121571216,23,1,0.775,0.25127871777429306,0,1.5513126491646767,,0,0,-0.06898684492231404,,0.04208268294893948,-1
24,CROSSUSDT,overheated,2026-04-12 11:25:57.58583+00,sl_hit,0.0768,0.07683,0.07737,0.03906250000000293,-7.028504490433409,0,45.94240359874209,,50,direct,7,30,68.68552764246091,1.1440845163429725,2.076214063603361,0.5032238849685493,16,-0.17604063861400582,0,0,0,0,0,0,66.73643925611924,3,-0,0.8235294117647058,0.3020584878584588,5907290.2452,0.8270972823946325,,0,0,-0.00909343999238949,,0.3341988797253513,-1
3,ARBUSDT,overheated,2026-04-12 07:55:36.115364+00,tp_hit,0.11084,0.11086,0.10973,0.018044027426927213,10.193036261952065,1,46.27037034432485,,50,direct,7,15,59.242627927297086,0.14676319215328196,2.292697400944722,0,16,-0.12442207384539472,0,0,0,0,0,0,49.404798705199376,20,1,0.5846537256500386,0.06921616864051523,0,0.018047283883768497,,0,0,0.0013945270391820263,,0.1066825661786984,-1
26,AEROUSDT,overheated,2026-04-12 12:25:20.612529+00,tp_hit,0.3689,0.369,0.3651,0.02710761724044158,10.56910569105695,1,49.90046422034785,,45,direct,7,60,72.78939468121237,0,22.956651251271243,0.5049013863113345,20,0.19003291943028597,1,0,0,0,1.8750000000000782,0,60.14427315835671,6,-0,0.6013008130081212,0.05519852258565881,0,0.24456521739130757,0.1356483993488878,0,0,0.0009808537351073355,-6.47e-05,0.02885770329240652,-1
86,ONGUSDT,overheated,2026-04-13 07:32:30.864561+00,sl_hit,0.08788,0.08784,0.08873,-0.04551661356394899,-10.132058287796013,0,46.62323070413831,49,45,,6,30,71.04624073794548,0.4348814230546849,2.8023114406245595,0,6,-0.04137570897728719,1,0,0,0,0,0,56.20308614550298,21,1,0.365625,0.11022660137627555,0,0.35400251227589896,0.3538812785388182,0,0,-0.041295899260629584,-0.00262346,0.4374725549977544,0.3
87,PIXELUSDT,overheated,2026-04-13 07:40:50.879567+00,sl_hit,0.007149,0.007156,0.007229,0.09791579241852093,-10.20122973728342,0,51.37157831935689,48.7,45,,7,30,67.71719729358358,0.5848631613303075,2.290514278137783,0,5,-0.008768535889570786,4,0,0,0,0,0,63.60554153117575,9,1,0.7545454545454546,0.15054251997602647,0,0.16813787305590386,0.1397233477714069,0,0,-0.09908113204081098,-3.469e-05,-0.07669574758206114,-0.3
51,SOLVUSDT,overheated,2026-04-12 22:51:21.3076+00,tp_hit,0.004675,0.004676,0.004614,0.021390374331535084,13.25919589392634,1,50.8506156928559,45.7,45,,8,60,67.07754861334189,1.1210289302676952,0,0,6,0.08065699310631894,5,0,0,0,0,5e-05,76.53676946430011,21,1,0.7473684210526316,0.32888667328212334,0,0.6458557588805277,3.0603258476442146,0,0,0.002260506409936153,5e-05,0.566428334415304,-0.3
52,SOLVUSDT,overheated,2026-04-12 23:57:08.936357+00,tp_hit,0.004787,0.004796,0.004746,0.18800919156048315,10.425354462051645,1,51.27382099359897,45.6,45,,7,60,64.63782571370497,0.507180464296724,11.899768034489181,0,34,-0.30348017764226287,0,0,0,0,1.6666666666663776,5e-05,72.77267341741398,19,1,0.7118811881188118,0.30560313775169873,5065014.1342,0.23031825795644315,2.4463519313304616,0,0,0.0035363429969799635,5e-05,0.1817589648655276,-0.3
54,AIOUSDT,overheated,2026-04-13 00:10:06.035585+00,sl_hit,0.11543,0.11511,0.11631,-0.2772242917785678,-10.424811050299652,0,45.04834898316414,45.6,45,,6,60,61.55754960426062,3.094798233117977,3.606760658447169,0.2994332479398668,22,1.6858727448258846,1,0,0,0,0.18894009216590285,5e-05,58.13668205879281,28,-0,0.3354838709677419,0.7223460231406622,0,3.413366780146934,-0.0693721817551254,0,0,-0.08971650995711974,5e-05,0.5728229976937126,-1
50,JSTUSDT,overheated,2026-04-12 21:23:16.631619+00,tp_hit,0.084641,0.084745,0.083751,0.12287189423566224,11.729305563750012,1,48.74773178776291,45.2,45,,7,60,78.96938448925422,1.1226077448983947,1.763244031696565,0.04427743972078777,11,0.32081614090600746,7,0,0,0,0.25700934579439144,0.0001,83.93603849699524,13,-0,0.767605633802817,0.23566566537911657,0,1.31793152980607,4.519711134194003,0,0,-0.12474969373879208,0.0001,0.6213269980562218,-0.3
58,ZENUSDT,overheated,2026-04-13 00:37:09.264005+00,expired,5.76,5.76,5.8,0,-6.944444444444451,0,51.27848671250573,49.1,45,,8,60,70.6187776048784,0.127486236563785,2.8759020623485867,0.3777755614248928,5,-0.059061652237733506,0,0,0,0,1.499999999999556,0,66.83002988501818,5,-0,0.6206406456699189,0.0840011633303198,0,0.13908205841446467,1.1054570977364402,0,0,-0.15201247628323866,-6.296e-05,0.2794165284410755,0.3
53,PLUMEUSDT,early_warning,2026-04-13 00:08:35.829376+00,sl_hit,0.010292,0.010282,0.010386,-0.09716284492811238,-10.114763664656675,0,46.326617104122164,49.5,45,,7,60,69.91508883159692,0.7174404877618933,0.12079566825436643,0,23,-0.004710227212386259,3,0,0,0,0.5,5e-05,70.15847943443006,24,1,0.46205110023554186,0.2524895723151986,0,0.6847974955977364,4.07317566201739,0,0,-0.018097551457846715,5e-05,0.10484491515653303,0.3
49,UAIUSDT,overheated,2026-04-12 20:51:07.672897+00,tp_hit,0.23734,0.23711,0.23472,-0.09690739024185051,10.079709839314983,1,51.13514725112705,45.6,45,,7,60,69.04932836150269,0.48988489310312927,2.0667378455409473,0,4,0.460362783558745,3,0,0,0,0.2608695652173922,5e-05,71.6136349157632,5,1,0.7222222222222222,0.23059776583317865,0,0.8584055753867049,2.3634566627991944,0,0,0.12430264111510003,5e-05,-0.11902135558803133,-1
48,LITUSDT,early_warning,2026-04-12 20:47:57.5869+00,tp_hit,1.0856,1.0856,1.0739,0,10.777450257921723,1,46.71006055346051,46.7,45,,6,60,78.64433183387581,0.9617720338101432,0.9883788784120575,0,16,0.41133788557989504,2,0,0,0,0.25000000000002315,5e-05,69.95281438546986,15,1,0.6851390070583694,0.18471494372634906,0,0.351266407838769,1.2460479821461856,0,0,0.08325564678265772,5e-05,-0.0012116533994691134,-1
15,DASHUSDT,early_warning,2026-04-12 09:22:47.056317+00,tp_hit,44.3,44.19,43.74,-0.2483069977426624,10.183299389001942,1,45,,50,direct,6,15,69.41080033310685,0.35115216986839276,0,0,28,-0.2041313356432259,0,0,0,0,0,0,81.48310204177335,51,1,0.7582219436467735,0.21939913666533606,0,0.29431741000678163,,0,0,-0.02193543159009118,,0.10616323433149241,-1
4,MUSDT,overheated,2026-04-12 08:07:37.004686+00,tp_hit,2.7708,2.7708,2.7425,0,10.213656705644496,1,48.593399410259046,,50,direct,6,15,67.04349893885114,0.2784820170180441,3.8558252767806653,0,6,0.014327446057960193,4,0,0,0,0,0,57.14709040829668,9,1,0.7432432432432432,0.09485723991420351,0,0.057778419760213195,,0,0,-0.01688833183758424,,-0.05264989992167784,-1
60,GALAUSDT,overheated,2026-04-13 00:55:40.868075+00,expired,0.002911,0.002911,0.002894,0,5.839917554105148,1,48.362792713686744,48.2,45,,7,60,63.1546388033,0.21756551809774768,3.365829998431412,0,5,-0.02072742258310154,3,0,0,0,2.999999999999566,0.0001,60.33842103456592,8,1,0.42203389830508475,0.09782839198406627,0,0.2755769893213834,0.9712105445716203,0,0,-0.12318301536833447,0.0001,0.1692388162325601,0.3
59,CROSSUSDT,early_warning,2026-04-13 00:51:27.450367+00,tp_hit,0.07232,0.0724,0.07158,0.11061946902656335,11.325966850828745,1,48.90413882194112,49,45,,8,60,71.28623974236095,0.5121464367499099,0.039946432530727216,0,9,-0.1145170089295045,7,0,0,0,11.000000000004164,5e-05,68.6878455950506,16,1,0.6946384089201625,0.26984454835300603,0,0.8647140864714024,3.6892924052457228,0,0,-0.0880590023449455,5e-05,0.08212460287771407,-1
47,MNTUSDT,overheated,2026-04-12 20:46:23.675996+00,expired,0.6671,0.6665,0.6656,-0.08994153800030653,1.350337584396117,1,46.38510989237747,48.9,45,,6,60,83.86306153203009,0.1293027603769275,8.10534155125933,0.7811129739859785,35,0.12301178150696043,2,0,0,0,0.0999999999999889,0,77.80109740684196,4,-0,0.4450761382447488,0.035089828866518534,0,0.19525382997898452,0.42130604875113226,0,0,-0.44757875732062286,-2.04e-05,-0.010349310695918882,0.3
56,FILUSDT,overheated,2026-04-13 00:29:08.770004+00,expired,0.8626,0.8618,0.8628,-0.09274287039184129,-1.1603620329542828,0,49.22351662870149,45.4,45,,8,60,69.85126196613248,0.262886063769075,1.587482356693745,0.5047551054709517,21,0.22773131728099402,5,0,0,0,0,0.0001,57.2798524798659,8,-0,0.8333333333333333,0.07422563124258379,0,0.38403351565228455,0.7238762405137166,0,0,-0.11836370630582645,0.0001,0.13999110419980745,0.3
57,SPXUSDT,overheated,2026-04-13 00:29:19.869674+00,sl_hit,0.3027,0.3019,0.305,-0.2642880740006683,-10.268300761841642,0,50.942707579195236,58.9,45,,8,60,80.4503717044592,0.5770853666815328,2.7305592437151422,0.025909666752449014,5,0.1186759563595711,6,0,0,0,0,5e-05,63.14158207689851,12,-0,0.7872727272727273,0.11328701977058836,0,0.631648936170217,1.101101101101091,0,0,-0.11836370630582645,5e-05,0.17808777467187956,0.3
55,WLDUSDT,early_warning,2026-04-13 00:19:33.396288+00,sl_hit,0.2918,0.2921,0.2951,0.1028101439342092,-10.270455323519162,0,46.14364845261761,47.1,45,,6,60,70.91338079064187,0.3896751341022237,0.15262533720679716,0,6,-0.06881134407983684,0,0,0,0,0,3.801e-05,61.30871275074208,8,1,0.725831903945146,0.13482758744843226,0,0.3783969728242139,1.075641915336569,0,0,0.04925983220604185,3.801e-05,0.8201418422435451,-1
61,KITEUSDT,overheated,2026-04-13 00:55:41.616911+00,sl_hit,0.13025,0.13046,0.13183,0.16122840690977963,-10.501303081404341,0,48.78485073284106,46.4,45,,8,60,75.13770619653653,1.3633459215313755,3.143097663113345,0.4311926080548078,29,-0.27871987081742594,8,0,0,0,2.000000000001388,5e-05,62.13002422389485,12,-0,0.5213979373251812,0.19266250916138522,7796948.4269,1.385537479567217,1.8371673078432762,0,0,-0.12318301536833447,5e-05,0.0005003896960127921,-1
16,CYSUSDT,overheated,2026-04-12 09:31:19.129795+00,sl_hit,0.2544,0.2545,0.2573,0.0393081761006246,-11.00196463654212,0,46.10653205842139,,50,direct,7,15,72.0791986977586,1.5027109809498582,1.7339503991382594,0.38540286972856835,21,1.0096581824129875,4,0,0,0,0.07692307692306871,0,72.73877141911737,17,-0,0.3225,0.3947213839215147,0,1.5163607342378396,,0,0,-0.0015372510876132792,,-0.36344344646618665,-1
14,ZECUSDT,overheated,2026-04-12 09:14:16.215714+00,tp_hit,368.5,368.71,364.4,0.056987788331066366,11.689403596322318,1,46.02337246809939,,50,direct,7,15,63.92238998132064,0.28254766207211773,5.326247029426992,0.728053103616148,87,0.08430520136149952,2,0,0,0,0.2727272727272845,0,65.53626247587259,9,-0,0.7896551724137931,0.10822519006630517,0,0.548446069469833,,0,0,0.07073163912886272,,-0.04989718215731728,0.3
19,CROSSUSDT,early_warning,2026-04-12 10:07:24.637609+00,sl_hit,0.07543,0.0753,0.07606,-0.17234522073444417,-10.092961487383754,0,48.26739498941285,,50,direct,6,30,65.74936174337972,0.37938984443633367,1.1856998240163763,0,11,0.015266808798357595,2,0,0,0,0,0,69.47032572585226,17,1,0.7296290090614033,0.2342201503721447,0,0.7479631361025658,,0,0,-0.03048230558090236,,0.9878724247150379,-1
7,XMRUSDT,overheated,2026-04-12 08:26:30.332294+00,closed_manual,343.21,343.16,341.49,-0.014568340083317657,4.866534561137708,1,46.316163194509954,,50,direct,7,15,68.85496379992395,0.16730787631678254,11.922382937596414,0.49426442519454006,38,-0.09014177485621983,0,0,0,0,6.000000000005684,0,61.058650965631955,11,-0,0.7533333333333334,0.08269028598238773,0,0.4713114754098234,,0,0,-0.08650144889926906,,0.0028461988529204707,0.3
9,ARCUSDT,overheated,2026-04-12 08:44:21.73752+00,sl_hit,0.07944,0.07956,0.08043,0.15105740181270014,-10.93514328808441,0,45.26050110101784,,50,direct,7,15,62.13443115883341,0.2535808021265192,2.4546007334455493,0,10,-0.05053437308968747,4,0,0,0,5.999999999997918,0,53.413009052901295,19,1,0.7184615384615385,0.18773396397475725,0,0.06298022420959125,,0,0,-0.06317110584298273,,-0.012746524717991719,-1
11,ZENUSDT,early_warning,2026-04-12 08:47:09.10011+00,tp_hit,5.938,5.938,5.876,0,10.44122600202078,1,45,,50,direct,6,15,74.57464125037393,0.31517114191860723,0.30585438963479683,0,7,0.03684578812358939,1,0,0,0,0,0,76.47098163159829,8,1,0.6981685611661492,0.14209164346565367,0,0.4567755032989365,,0,0,0.03209085898857984,,-0.02553447839152526,-1
17,DUSKUSDT,overheated,2026-04-12 09:32:36.252357+00,tp_hit,0.1525,0.15234,0.15078,-0.10491803278688099,10.240252067743242,1,50.511703856913755,,50,direct,8,15,69.73428000243607,1.368026909848675,6.378461228111526,0.749730866127069,24,0.028391851015312164,5,0,0,0.7,0.17499999999996182,0,57.55535910734862,4,-0,0.4116119783093589,0.24629893665701336,0,2.866779089376057,,0,0,-0.018862994577238376,,0.9771121891169897,-1
28,GMTUSDT,overheated,2026-04-12 12:45:21.623151+00,tp_hit,0.010762,0.010762,0.010651,0,10.314068017097194,1,51,,45,direct,8,60,83.11233484712488,0.4790705548646603,0.42355644983688623,0,22,-0.2389553734100421,0,0,0,0,8.666666666668016,0.0001,78.57618565697173,22,1,0.6479269159818979,0.11346794493278672,0,0.36370418726103554,1.4211764705882362,0,0,-0.09727476692545953,0.0001,0.5929418747032035,-0.3
27,KITEUSDT,overheated,2026-04-12 12:33:56.380578+00,tp_hit,0.13107,0.13115,0.1297,0.0610360875867832,11.056042699199232,1,47.3793414351796,,45,direct,7,60,70.42007822602507,0.5806586734489856,1.4222676984160825,0,9,-0.0026754000416309986,4,0,0,0,0.3913043478261027,5e-05,65.96146984832232,4,1,0.32852461327035587,0.19014377233720134,0,0.892925871757366,1.8967661691542272,0,0,0.018776921761904052,5e-05,0.1030959255207802,-0.3
30,SPXUSDT,early_warning,2026-04-12 12:51:28.070126+00,tp_hit,0.3075,0.3072,0.3038,-0.0975609756097634,11.067708333333199,1,45.300853604534424,,45,direct,6,60,79.11588730128531,0.42454238165582175,1.2450143184010238,0.6821305593883487,44,-0.19648681610498006,0,0,0,0,0,5e-05,70.48963898413207,13,-0,0.7154397394136593,0.13161233377713136,0,0.7536041939711562,1.3188262446422694,0,0,0.08587960044271131,5e-05,-0.09017866043179072,-1
32,AKEUSDT,early_warning,2026-04-12 14:52:10.132654+00,sl_hit,0.000634,0.0006325,0.0006389,-0.23659305993690571,-10.118577075098719,0,47.22707812929841,45.2,45,direct,7,60,80.59789958526099,2.2464393460496392,0,0.24154843692186354,52,-0.3555573368967928,2,0,0,0,5.499999999999729,0.00097093,70.94196025185846,24,-0,0.3842876411284381,0.6955233460764559,14976672.9186,1.423772196448577,4.765045342126957,0,0,0.13135476390783135,0.00097093,0.7724362281710071,-1
29,GALAUSDT,early_warning,2026-04-12 12:47:11.27735+00,tp_hit,0.002961,0.002966,0.002936,0.16886187098952368,10.114632501685799,1,45.666666666666664,,45,direct,7,60,84.39402673030904,0.5925537140704147,0.3544486019327368,0,7,-0.09533731093863448,5,0,0,0,0.9999999999995663,0,72.32366175053252,10,1,0.2457654959176601,0.07046161546288028,0,0.5774456521739161,0.8876749743939905,0,0,-0.10426565489327815,-0.00056518,0.6240250747630544,0.3
31,QUSDT,early_warning,2026-04-12 14:15:28.150614+00,sl_hit,0.009666,0.009663,0.009779,-0.031036623215389313,-12.004553451309095,0,45.773439835198076,48.4,45,direct,7,60,66.21500978107994,0.45195985913858455,0.06260362466850342,0,4,-0.07681567700776877,0,0,0,0,0,0.0007007,61.813695696358934,6,0.635947225089665,0.6199923254806495,0.2567107707280718,0,0.30092352391822674,2.0496566296883225,0,0,-0.10882865407712329,0.0007007,0.8219599686317586,-0.3
25,BANUSDT,overheated,2026-04-12 11:35:31.483788+00,tp_hit,0.07056,0.07048,0.06881,-0.11337868480725162,23.69466515323503,1,46.10751889968263,,50,direct,6,30,84.45395002455784,1.5062419956510738,2.847645010069865,0.3404068615575939,13,0.16051214193594365,5,0,0,0,0.7027027027027392,0,86.99828515990619,6,-1,0.360431654676259,0.2781215381356826,0,0,,0,0,0.0464637841393313,,0.052920149493587164,-1
62,PLAYSOUTUSDT,early_warning,2026-04-13 01:37:57.881465+00,tp_hit,0.08154,0.08148,0.08048,-0.07358351729213207,12.272950417280326,1,47.369432581849495,51.4,45,,7,60,78.66977978806545,1.4660762408366523,1.1907318681937544,0,23,-0.3025922497260574,6,0,0,0,1.4594594594595123,5e-05,67.70149852840555,32,0.22041191411214955,0.7558139534883721,0.4448539254419325,8469050.0955,2.695214105793455,4.180474126943654,0,0,-0.07325780701839497,5e-05,0.3919649941821232,-0.3
64,TRIAUSDT,early_warning,2026-04-13 01:39:17.85451+00,sl_hit,0.028287,0.028256,0.028548,-0.10959097818785937,-10.334088335220859,0,45.968063390322534,47.2,45,,6,60,77.8559983434572,1.5719677155162919,0,0.030099650817710225,35,-0.37998156761196444,0,0,0,0,0.3000000000000347,0.00052786,74.54449805988462,27,-0,0.7939130434782609,0.4602791206338588,0,0.45099431818181335,5.599074903014035,0,0,-0.04289907745885556,0.00052786,0.41697341822229056,-0.3
65,GIGGLEUSDT,overheated,2026-04-13 01:53:40.4174+00,sl_hit,33.08,33,33.65,-0.24183796856105896,-19.696969696969653,0,45.804877828688554,55.2,45,,7,60,77.30674693995499,2.2428259950581837,10.97764691098765,0.16082231039029682,56,3.014454724237146,2,0,0,0,0.1359223300970878,5e-05,65.71023816847617,44,-1,0.3254681647940075,0.6074192817733841,0,0,3.5982478097621984,0,0,-0.07489689381644346,5e-05,0.613006850469972,-1
88,RAVEUSDT,overheated,2026-04-13 07:42:31.359404+00,sl_hit,8.55758,8.53508,8.67082,-0.2629247988333043,-15.903775945861103,0,50.01003131829134,47.4,45,,8,30,84.26230211259808,5.988147832273344,2.230984621670459,0.39884496975578204,69,-0.586199931259827,3,0,0,0,2.0472926662097075,0,88.63840077877707,31,-1,0.330188679245283,1.1326120500445582,890449881.7624,0,26.04405812880169,0,0,-0.09230295157417229,-0.00522425,-3.2670625977192698,-1
80,HUSDT,overheated,2026-04-13 06:56:00.294741+00,tp_hit,0.09905,0.09912,0.09803,0.07067137809187342,10.996771589991868,1,50.10695542825373,45.8,45,,7,30,79.94705858879237,0.9004995833699625,2.9669158490476084,0.2809217930612378,16,-0.05185667880473405,7,0,0,0,0.42857142857135777,5e-05,70.70943179456528,14,-0,0.7956521739130435,0.1657204496963625,0,1.0301917584659293,1.4791987673343572,0,0,0.022111866326017762,5e-05,0.04545289092519499,0.3
85,ONTUSDT,overheated,2026-04-13 07:28:49.369695+00,tp_hit,0.08425,0.08432,0.08339,0.08308605341246364,11.029411764705886,1,53.22134888561892,53.2,45,,9,30,71.8161182361494,0.33233684782228906,2.059928209959648,0,7,-0.09291112693941883,5,0,0,0,11.000000000004164,0,62.18789109118634,40,1,0.7802547770700636,0.1110182833176002,0,0.4171632896305162,0.7766758274584751,0,0,0.26997045606330283,-0.00163549,-0.02107944386326445,-1
89,WETUSDT,overheated,2026-04-13 08:29:46.092237+00,sl_hit,0.11023,0.10995,0.1115,-0.2540143336659608,-14.097316962255533,0,51.60716992780856,45.5,45,,7,30,75.52202215618362,1.0311038013183254,4.770524468795318,0,16,0.26263712232617054,4,0,0,0,0.36170212765954307,0,64.37539099293609,25,1,0.7397350993377483,0.2596449524034249,9397884.0096,1.0728039611223092,1.9381633594831607,0,0,-0.01810341291761725,-8.096e-05,0.014305413566239687,-0.3
95,PIXELUSDT,overheated,2026-04-13 09:22:57.934136+00,tp_hit,0.007406,0.007408,0.007311,0.0270051309748771,13.093952483801276,1,50.04911843213523,47.2,45,,7,30,71.09905217527721,0.5726889433304122,0.5293397834839532,0,7,0.08068119641588707,5,0,0,0,0,0,79.67892837005431,11,1,0.8289318672688027,0.18217748590790467,0,0.37950664136622725,2.8020529893189057,0,0,-0.042714129324822055,-3.211e-05,0.8512403736904383,-0.3
90,DUSKUSDT,overheated,2026-04-13 08:35:05.740117+00,sl_hit,0.15483,0.15492,0.1565,0.05812826971517583,-10.198812290214292,0,52.650216880908765,46.1,45,,8,30,69.93808204898602,0.4928296623965143,1.9630310909965125,0,6,0.26338245556099943,1,0,0,0,0.026315789473636157,0.0001,63.22900298976341,3,1,0.7250000000000001,0.18427605295599933,0,0.006459113809573856,3.0949060237763146,0,0,0.0357873861487297,0.0001,0.22757600545935297,-1
100,KERNELUSDT,overheated,2026-04-13 09:38:04.752864+00,tp_hit,0.08779,0.08783,0.08691,0.045563275999542505,10.47478082659688,1,49.42344131254832,47,45,,7,30,61.28839424259012,0.19788099423810865,2.2355600899557206,0,22,-0.23031323120934144,0,0,0,0,0,0,80.81649156635645,42,1,0.7323809523809524,0.20882324155532608,2892185.7561,0.22833656810138797,2.7891714520098363,0,0,0.021488472565436765,-0.00067875,-0.07129990612869672,-0.3
102,SIRENUSDT,overheated,2026-04-13 09:48:55.423843+00,tp_hit,0.79661,0.7956,0.78741,-0.1267872610185745,10.294117647058723,1,52.64430832258318,45.1,45,,7,30,75.06510377116314,1.1333680778154869,1.4498929839057926,0,35,0.8547997627440035,1,0,0,0,0.13788487282462694,0,68.32985783801479,52,1,0.7533333333333334,0.23023233622717923,0,1.1632484602197037,2.716221268257472,0,0,0.027428015597201462,-0.00774533,0.11869624439866855,-1
96,MUSDT,overheated,2026-04-13 09:24:15.907973+00,tp_hit,2.923,2.925,2.87,0.06842285323297227,18.803418803418708,1,52.01084684534821,49.8,45,,8,30,66.67586731350292,0.17080876226186215,1.3970728577887648,0.6354085548118203,17,-0.037746867947462626,0,0,0,0,0,0.00107398,76.6571071659388,5,-0,0.7342857142857142,0.09740991545852064,0,0.30541161936790534,1.0819808572617602,0,0,-0.05388167245317997,0.00107398,-0.0224261522193343,-0.3
93,CATIUSDT,overheated,2026-04-13 09:14:38.425755+00,sl_hit,0.04934,0.04934,0.04985,0,-10.336441021483513,0,47.34035822592576,47.3,45,,6,30,64.42371384346166,0.09245181036709083,3.620908259271687,0,6,-0.2030676408969983,0,0,0,0,0.1428571428570862,5e-05,61.50660083103379,8,1,0.8,0.16966925709566827,0,0.48879837067210613,1.7362546506821013,0,0,-0.07356103302324528,5e-05,0.07591915817678602,-1
99,DUSKUSDT,overheated,2026-04-13 09:36:43.970572+00,sl_hit,0.15977,0.15969,0.16167,-0.050071978469047214,-12.399023107270395,0,46.92385007335677,45.6,45,,7,30,62.658935375737514,0.22187835940122813,2.562618258447901,0.5399454218200942,27,0.002168870889358271,2,0,0,0,0,0.0001,77.17667636929602,5,-0,0.8615384615384616,0.2396253556703752,0,0.06262917266862214,2.6202279018863,0,0,-0.03687643849898946,0.0001,0.3908396698580151,-1
92,AEROUSDT,overheated,2026-04-13 09:10:21.75168+00,sl_hit,0.3564,0.3561,0.3634,-0.0841750841750749,-20.499859590002735,0,48.53842727546345,46.3,45,,7,30,68.52090581208807,0.17915504537854415,3.7483713257180153,0.3000546551893256,13,0.01675773982980912,2,0,0,0,0,0,63.47918228486321,8,-1,0.7566037735849056,0.06230410914916897,0,0,0.5361173814898457,0,0,-0.09405395160959547,-0.0003941,0.7936458210277867,0.3
94,IDUSDT,early_warning,2026-04-13 09:21:06.403732+00,tp_hit,0.03246,0.03245,0.03209,-0.030807147258173323,11.09399075500768,1,48.89804538686989,46.5,45,,7,30,83.98034201207744,0.724366433396888,1.1514687750205894,0,5,0.4702701950794135,2,0,0,0,0.12499999999999457,0,67.05457194063314,9,1,0.46136421036241493,0.11941361332195931,0,0.557620817843865,1.436602123672711,0,0,0.01641645721530363,-0.00325249,1.6449438996419117,-1
101,DUSKUSDT,early_warning,2026-04-13 09:42:09.828164+00,tp_hit,0.16158,0.16152,0.15981,-0.037133308577797064,10.586924219910783,1,45.039711685096236,49.5,45,,6,30,77.39766908497745,1.0599279212740593,0,0,18,0.017935958489604165,6,0,0,0,0.3333333333333333,0.0001,82.40162610422794,20,1,0.42,0.25036370741325664,0,1.1898797595190462,4.5519295519295575,0,0,-0.02006641701405651,0.0001,-0.19532569638524613,-1
98,RESOLVUSDT,overheated,2026-04-13 09:35:14.838449+00,sl_hit,0.03832,0.03828,0.03867,-0.10438413361168676,-10.188087774294708,0,47.71793393700675,45.5,45,,7,30,62.908803559490245,0.186830460165654,2.861124857669014,0,11,-0.021082709104974423,3,0,0,0,4.500000000000173,0,61.168559392721676,15,1,0.8421052631578947,0.10192838569186603,0,0.2878827532059644,0.3660130718954281,0,0,-0.017805814870386766,-0.00030124,-0.02113976331614201,-0.3
97,HUMAUSDT,early_warning,2026-04-13 09:31:17.589574+00,tp_hit,0.017192,0.017192,0.016994,0,11.516984644020491,1,47.3289181795369,46.5,45,,6,30,70.84434921974488,0.7242506171337727,1.0921958863773282,0,5,0.008895837611221202,7,0,0,0,0.6363636363636077,5e-05,60.843994993109476,9,1,0.7093256954682379,0.1270322177159849,0,0.7147041593438817,1.2938674228996836,0,0,-0.11081146785620619,5e-05,-0.02479664888547707,-0.3
91,HYPEUSDT,overheated,2026-04-13 09:04:14.310639+00,expired,41.599,41.587,41.965,-0.028846847279966704,-9.089378892442351,0,48.1866993160056,46.4,45,,7,30,79.0087472499848,0.361795459807102,1.998963523399761,0.7994154328312663,96,0.14236749127769183,2,0,0,0,0.5975609756097445,0,66.09626976744218,4,-1,0.7180423046291498,0.08227178247071129,0,0,0.4649698496113147,0,0,-0.3090749485580736,-1.933e-05,0.025884768142754547,0.3
103,AKEUSDT,overheated,2026-04-13 10:07:40.444997+00,sl_hit,0.000572,0.0005715,0.0005801,-0.08741258741259901,-15.048118985126848,0,52.065050785866724,60.1,45,,8,30,53.8539777131583,5.925257261057168,2.0497450327272677,0.5583008977772436,93,1.5348039252399377,3,0,0,0,0,0.00089718,40.440863990446154,7,-1,0.7504950495049505,1.0259675733003861,14312038.1675,0,-4.6564751361799415,0,0,-0.03319856130149662,0.00089718,-0.008164638112011988,-1
107,FIDAUSDT,early_warning,2026-04-13 10:28:05.167243+00,sl_hit,0.017061,0.01705,0.017269,-0.06447453255964242,-12.844574780058677,0,46.59778843234007,50.2,45,,7,30,71.70318207885543,0.5580412664256278,0.9376229847219265,0.43975852098951057,12,-0.10164259217220781,0,0,0,0,0,5e-05,70.46338080062002,5,-0,0.7375,0.14839038511416724,0,0.8392931024292202,1.6395404499760644,0,0,0.06219934040426744,5e-05,0.3072216012168705,-0.3
105,MUSDT,early_warning,2026-04-13 10:21:31.117763+00,tp_hit,2.8284,2.8241,2.7937,-0.15202941592418856,10.764491342374637,1,45,45,45,,7,30,39.89013967404707,0.09030499934508787,4.025835300459213,0.5509883307788668,64,-0.039979525656164944,0,0,0,0,0.8333333333332511,0.00107398,30.16323473151897,19,-1,0.7601823708206688,0.2958846200204397,0,-0.25039675542233564,-3.039252721590722,0,0,0.06276514385800479,0.00107398,0.4036659513059877,-1
111,KERNELUSDT,overheated,2026-04-13 10:57:20.853169+00,tp_hit,0.08861,0.08847,0.08758,-0.15799571154497374,10.059907313213383,1,52.468025450666616,48.6,45,,8,30,61.620973626346846,0.23660896370200987,1.6277908847251379,0,25,-0.01830459195515441,0,0,0,0,0,0,71.38102103184741,24,1,0.7588235294117647,0.18711346301229673,0,0.4193109700815904,1.039643550782598,0,0,0.03606523989748986,-0.00067875,0.706373942259374,-0.3
108,XNYUSDT,overheated,2026-04-13 10:43:59.149628+00,tp_hit,0.004901,0.004891,0.00484,-0.20403999183839203,10.427315477407626,1,48.16209492904491,45.1,45,,6,30,68.08866979640996,1.3337505186432665,5.4391463770991235,0,24,0.1979063131452366,1,0,0,0,0.6521739130435013,0.00027354,60.10286759683013,31,1,0.7651583710407239,0.4900113305020769,0,0.4509120721459381,3.486160997253314,0,0,-0.06344836941929083,0.00027354,-0.3981996266073497,-0.3
104,KITEUSDT,early_warning,2026-04-13 10:20:55.907129+00,tp_hit,0.13502,0.13526,0.13387,0.17775144423047715,10.27650450983293,1,45.7977045051594,45.9,45,,7,30,69.26597607890866,0.514005526308933,0.7484913360800529,0.520772822343634,21,-0.17258020226917148,0,0,0,0,0,5e-05,68.99941031933463,16,-0,0.7743072496092123,0.1810533368065553,7427529.2483,0.43141922047009607,1.7768408372233104,0,0,0.06488696379902391,5e-05,0.6363173804516189,-0.3
109,BASEDUSDT,overheated,2026-04-13 10:47:00.771668+00,tp_hit,0.0674,0.0673,0.0666,-0.14836795252225946,10.401188707280717,1,45.59706612072415,57.4,45,,7,30,74.02939123274214,0.7565504075297065,1.6425375847830341,0.07464492908220972,16,0.3892183132095669,1,0,0,0,0,5e-05,71.80493819257578,24,-0,0.534840670404491,0.2716759659119538,0,1.5060240963855436,3.8759689922480653,0,0,0.028425724007420765,5e-05,2.039413881350428,-0.3
117,ARBUSDT,overheated,2026-04-13 11:44:59.312401+00,expired,0.11133,0.11134,0.11066,0.008982304859423447,6.10741871744207,1,46.26200126581893,46.2,45,,7,30,78.51814333575983,0.29658934242865576,1.4697843786965943,0.6229822696516232,19,-0.04510816874374033,4,0,0,0,1.3333333333331792,0.0001,69.43097664648636,4,-0,0.5258696354821124,0.06451292542674358,14418800.7803,0.15293270960777572,0.7781397032211488,0,0,-0.08238301329977005,0.0001,-0.23841108985857554,0.3
113,KAITOUSDT,overheated,2026-04-13 11:02:03.07762+00,tp_hit,0.4071,0.407,0.4028,-0.024563989191855682,10.319410319410276,1,47.70112380507491,47,45,,7,30,71.73481002408637,0.3544517771200848,2.9565459701446,0,13,-0.17288299865837387,0,0,0,0,5.000000000000555,5e-05,68.7500559930336,10,1,0.36296296296296293,0.12304559734105595,2664672.806,0.7174666006927298,1.3705457263892362,0,0,-0.019510126179624516,5e-05,0.0032629175156498784,-0.3
115,IRYSUSDT,overheated,2026-04-13 11:17:50.039787+00,tp_hit,0.030973,0.030941,0.030596,-0.1033157911729596,11.150253708671281,1,56.679012587640365,51.7,45,,8,30,78.4040710915296,1.6729816778401334,3.228807976247508,0,16,0.39711325997206237,5,0,0,0,0.1716417910447682,0,59.557397252859865,31,1,0.7883018867924528,0.3308454224079503,0,0.8859646265594,2.165458141067902,0,0,0.022026587220351748,-0.00219702,0.7519369250568098,-0.3
110,COMPUSDT,overheated,2026-04-13 10:57:19.404256+00,tp_hit,20.38,20.385,20.177,0.024533856722289294,10.203581064508311,1,55.18154933957609,49.7,45,,8,30,77.93669578781764,0.6451424073506616,2.722475894677511,0,5,-0.03892565458400302,2,0,0,0,0.09523809523820802,0,67.50795642350506,26,1,0.533315441044931,0.11479469922565516,0,0.2607369508535311,1.335451521620406,0,0,0.03606523989748986,-0.00029531,0.11894254267569165,-1
118,BASEDUSDT,overheated,2026-04-13 11:47:03.11953+00,tp_hit,0.0735,0.0735,0.0727,0,10.884353741496533,1,61.58246110225348,53.3,45,,9,30,83.19189880990896,2.385097790949052,1.7842040680278688,0,27,-0.331295160918344,0,0,0,0,0,5e-05,87.18689214606687,46,1,0.8318181818181818,0.45883791956317654,0,0.9615384615384508,11.144578313253017,0,0,-0.03792396597274857,5e-05,4.619291117372738,-0.3
114,MUSDT,overheated,2026-04-13 11:06:11.631691+00,tp_hit,2.8093,2.8135,2.7853,0.1495034350193992,10.023102896747824,1,51.82195736764412,48.2,45,,8,30,68.99487696165735,1.7397662165775545,0,0,23,-0.18259877840876937,5,0,0,0,6.50000000000111,0.00107398,46.10934036055633,26,1,0.6418484652615897,0.33829099164876747,6883816.7958,0.5619988545246215,-0.03907360045467821,0,0,-0.13105215960684763,0.00107398,0.29714574869163823,-1
116,SOLVUSDT,early_warning,2026-04-13 11:19:18.372599+00,tp_hit,0.004404,0.004396,0.004342,-0.18165304268846943,12.2838944494994,1,47,55.6,45,,7,30,72.56520155974577,0.39939673022134914,0,0.5786952253725616,11,-0.19739194635483673,0,0,0,0,0,5e-05,73.15222114164737,9,-0,0.8063708759954856,0.19926814153739483,0,0.04543389368469481,2.3743016759776454,0,0,0.03601003197125976,5e-05,0.27078528356724907,-1
120,HUMAUSDT,early_warning,2026-04-13 12:17:10.746769+00,tp_hit,0.017448,0.017442,0.017253,-0.0343878954608123,10.835913312693396,1,45.22383193841618,45.2,45,,6,30,77.26952152001675,0.516834387813187,0.23355561682495105,0,16,-0.038337321739404004,4,0,0,0,0.6363636363638084,5e-05,67.98055583711908,4,1,0.7285714285714286,0.13501184495500232,0,0.5648414985590827,2.3154677950164464,0,0,-0.018043773065725726,5e-05,-0.021431835122679353,-0.3
106,VVVUSDT,overheated,2026-04-13 10:24:07.547711+00,sl_hit,8.2815,8.284,8.3675,0.030187767916455704,-10.079671656204614,0,47.18564803704239,47.2,45,,7,30,66.86636123646107,0.28648673781948364,39.31698509792679,0.5845162680934526,80,1.120923008305128,1,0,0,0,0.5478841870824231,5e-05,55.68495060545981,15,-0,0.7776316496755329,0.2026793055322952,0,1.2730207645461755,0.23061331002925306,0,0,0.028404193080690265,5e-05,0.026152226724761623,-1
112,TAOUSDT,overheated,2026-04-13 11:01:36.6558+00,sl_hit,260.03,259.82,262.43,-0.08075991231780162,-10.04541605727047,0,51.72414725108682,45.1,45,,7,30,65.67097235447467,0.12928149931599664,1.7423792071652877,0,22,0.11175601728284325,1,0,0,0,0.8437500000001388,0,60.64792027611495,34,1,0.7405068354595317,0.07855699311606307,0,0.27379299706925014,0.4601879423024857,0,0,-0.019510126179624516,-0.00011365,0.2787471026167145,-1
121,AIOUSDT,early_warning,2026-04-13 12:20:15.375219+00,sl_hit,0.12355,0.12337,0.1247,-0.14569000404694424,-10.780578746859138,0,49.114357981873034,50.5,45,,7,30,71.83360809466015,1.8743279583089256,0.14430165633062353,0,10,-0.5291230472323911,0,0,0,0,2.8333333333333206,5.785e-05,75.64910284854875,17,1,0.7705882352941176,0.468631411884164,0,1.6956128076384827,6.138239339752402,0,0,0.036389280677013976,5.785e-05,-0.34979314263392464,-1
122,BEATUSDT,overheated,2026-04-13 12:22:47.935816+00,tp_hit,0.39329,0.39372,0.38978,0.1093340791782251,10.007111652951332,1,47.46411712329423,45.3,45,,7,30,62.88468956033586,1.4493323028287863,1.6110150133867904,0.5442373596480422,34,0.5074680284907765,4,0,0,0,0.05820105820105758,0.00072455,65.48964368846038,16,-0,0.42391019469139096,0.35117434404805775,21324349.0001,0.7067318771925293,2.556751544215393,0,0,0.0572757077641113,0.00072455,0.2635170629022817,-1
119,WLDUSDT,overheated,2026-04-13 12:09:34.690951+00,sl_hit,0.2991,0.2994,0.3042,0.1003009027081319,-16.032064128256604,0,50.49797917337852,46.3,45,,7,30,62.933655641812216,0.14081514991116878,3.1224344761517413,0,14,-0.006859647397786606,0,0,0,0,0,0.0001,72.4938331350037,36,1,0.7804123711340206,0.1319389961972251,0,0.30181086519113226,1.3907734056987764,0,0,-0.06428456634703772,0.0001,-0.11204880966154283,-1
123,STABLEUSDT,early_warning,2026-04-13 12:31:48.077579+00,sl_hit,0.02993,0.029883,0.030192,-0.15703307718008164,-10.340327276377883,0,47.5790706941303,46.8,45,,7,30,80.85559640136987,0.4012539409982761,1.2980177239551947,0.4430685989851138,50,0.25173883899705274,6,0,0,0,0.10465116279068219,0,68.98159738510694,24,-0,0.7609374386995464,0.11352561466090162,0,0.030079208582596145,1.2507585462881796,0,0,-0.02089309511440792,-0.00040639,-0.30638357050787324,-0.3
134,GIGGLEUSDT,overheated,2026-04-13 14:15:28.826884+00,tp_hit,41.34,41.31,40.87,-0.07256894049347154,10.651174049866976,1,46.412355068586244,46.3,45,direct,7,30,78.37871084293133,2.27097383081527,2.805661261997182,0.08871939040200319,5,0.5174568587775835,6,0,0,0,0.2926829268292818,0,68.14377067416751,7,-1,0.3296296296296296,0.5487639649272088,0,0,2.9264632316158123,0,0,0.04749658094465111,-0.00030243,0,-1
136,LITUSDT,early_warning,2026-04-13 14:27:49.928467+00,tp_hit,1.1315,1.131,1.119,-0.044189129474144495,10.610079575596828,1,46.7990259437266,46.8,45,direct,8,30,64.1307189094307,0.6368323718718863,0,0,30,-0.15496093006096373,2,0,0,0,7.50000000000111,5e-05,66.63735215510128,56,1,0.8783783783783785,0.27568117784041285,0,0.15933433654952853,0.9284056418496665,0,0,-0.009778571238986882,5e-05,0.06018899493594916,1
131,LABUSDT,overheated,2026-04-13 13:07:54.007735+00,tp_hit,0.59943,0.59867,0.59263,-0.1267871144253679,10.08903068468446,1,48.90719725647382,47.6,45,,8,30,71.82290360780625,2.074387839069737,1.2307657277596225,0.24114700133078323,51,-0.5130572656974851,7,0,0,0,2.249999999999653,5e-05,59.999646795434906,49,-1,0.6179259970498809,0.4441234974971815,0,0,5.017355632691697,0,0,-0.08959199776091965,5e-05,0.40113425988329815,-0.3
125,VIRTUALUSDT,overheated,2026-04-13 12:55:04.235163+00,sl_hit,0.6567,0.6572,0.6639,0.0761382670930495,-10.194765672550272,0,47.39477911827776,48.7,45,,7,30,77.51213142385954,0.3609065152917383,2.986843514071365,0.62493999200188,52,0.14081550370908266,3,0,0,0,0.36363636363632695,0,67.22971883071448,7,-0,0.5461489799010815,0.10102520471547971,0,0.5666156202143837,0.32198712051517797,0,0,-0.35550176273143264,-0.00010525,-0.0752657188700595,0.3
130,SAFEUSDT,overheated,2026-04-13 13:02:10.195408+00,sl_hit,0.14246,0.14245,0.14403,-0.0070195142496209464,-11.09161109161108,0,47.897715812958964,47.9,45,,7,30,76.23814578813435,0.564075451817377,3.7217046232208046,0,4,0.03357826281552995,5,0,0,0,0,5e-05,53.2830710747091,5,1,0.7666666666666666,0.13934378687727997,0,0.3380757853218821,0.7994340290060079,0,0,-0.024910596292137453,5e-05,0.21366678337621736,-1
132,MUSDT,overheated,2026-04-13 13:11:58.045149+00,tp_hit,2.8429,2.8438,2.8148,0.031657814203794675,10.197622898938011,1,53.80935163516139,47.4,45,,7,30,70.37545452328045,0.21669914979871369,8.287858163760475,0,21,0.07685777803177615,1,0,0,0,0,0.00088646,60.51408427388668,47,1,0.7277752604970871,0.15129177484180337,0,0.36008048857980757,2.0863309352518082,0,0,-0.06668186000186924,0.00088646,-0.021868650015455324,-1
124,SIRENUSDT,overheated,2026-04-13 12:48:58.009803+00,tp_hit,0.78343,0.78378,0.77528,0.04467533793702979,10.844879940799794,1,48.1962379317168,45.3,45,,8,30,69.3157310507964,0.49452223146168084,1.4195451702972426,0,44,-0.058743757108250055,6,0,0,0,2.777777777778228,0,54.02336229159936,26,1,0.7415841584158416,0.16560967695519602,0,0.3471154831437635,0.007637571761344847,0,0,-0.10849506481487939,-0.00511654,-0.02444324212642199,-1
126,COMPUSDT,overheated,2026-04-13 12:55:37.315075+00,closed_manual,20.364,20.369,20.572,0.02455313297976333,-9.966124993863195,0,49.610495626104374,46.6,45,,6,30,71.30155369183733,0.11351800630346288,8.244934198034827,0,18,0.03534202385107728,3,0,0,0,1.2222222222220906,0,61.99850525069809,31,1,0.74,0.08496406455525386,0,0.07371369600472047,0.35466233190484575,0,0,-0.35550176273143264,-0.00029531,-0.1344711675027048,-0.3
129,TAOUSDT,overheated,2026-04-13 13:01:58.56112+00,tp_hit,262.71,263.02,260.35,0.11800083742529872,10.15131929130849,1,46.45936290837454,47.7,45,,8,30,64.79241969674032,0.1572976906807175,2.3562282853495398,0.3879757073996222,73,0.14055631969410362,2,0,0,0,0,5e-05,63.25984483350701,22,-0,0.7423236514522822,0.09334831788793177,0,0.47424178682064944,0.2334749492861843,0,0,-0.024910596292137453,5e-05,0.061692976070495974,0.3
128,ICPUSDT,overheated,2026-04-13 12:57:19.781637+00,sl_hit,2.423,2.423,2.448,0,-10.317787866281432,0,52.59212652726646,52.6,45,,7,30,79.72498360981247,0.2350240027220288,2.464546963863326,0,8,-0.008329136579161053,1,0,0,0,0,0.0001,65.56565299971571,12,1,0.6601770907590003,0.054048029663188266,0,0.08261049153243387,0.4137360364087808,0,0,-0.39545320259415867,0.0001,0.038721672641928176,0.3
127,ZROUSDT,overheated,2026-04-13 12:55:37.432607+00,tp_hit,1.9615,1.9608,1.9405,-0.03568697425439322,10.35291717666269,1,51.606437971148026,45.6,45,,7,30,77.5529564258379,0.39586888725684405,3.20995359946872,0,14,0.07639737442816166,3,0,0,0,0.9999999999999112,5e-05,67.11563507278807,22,1,0.7429594272076372,0.08172317061774777,5617745.4697,0.2658079026734189,0.48633152452135064,0,0,-0.35550176273143264,5e-05,-0.022474724527687392,0.3
137,4USDT,overheated,2026-04-13 14:30:32.282965+00,sl_hit,0.013375,0.013376,0.013584,0.007476635514026169,-15.550239234449748,0,49.41649340057157,52,45,direct,7,30,78.88173761717759,1.3116375500628785,2.643398141780401,0.6457235917365153,21,0.31053728375235523,5,0,0,0,0,5e-05,59.81954732257694,8,-0,0.7618794129841718,0.17362283728231842,0,1.5411478894624968,1.2875209507846945,0,0,0.011457330525837875,5e-05,-0.05968414723375799,1
135,MUSDT,overheated,2026-04-13 14:22:04.877602+00,sl_hit,2.8806,2.8784,2.9077,-0.07637297785182802,-10.17926625903283,0,51.17895147578586,48.4,45,direct,8,30,66.20178062333244,0.130911652238462,0,0,6,0.08552235660778937,5,0,0,0,0,0.00088646,69.39477579635174,19,1,0.7,0.17907768036784907,0,0.26104207998328777,1.1099792757033835,0,0,0.08389484619977321,0.00088646,0.09753909096692041,-0.3
138,PLUMEUSDT,early_warning,2026-04-13 14:31:04.733155+00,tp_hit,0.010665,0.010663,0.010556,-0.018752930145321433,10.034699427928462,1,45.7688523384764,45.3,45,direct,7,30,69.8211800390548,0.4145196161507973,0.2591466870491029,0.6284227848681481,32,0.26638778012392944,6,0,0,0,0.17142857142854312,5e-05,70.58454654071907,4,-0,0.8063291139240507,0.22918102945527855,0,1.1092150170648374,2.689108144708846,0,0,0.011457330525837875,5e-05,0.008182658528784149,-0.3
141,MONUSDT,overheated,2026-04-13 14:42:50.782748+00,tp_hit,0.034944,0.034949,0.034595,0.01430860805860251,10.129045180119608,1,50.94956209630598,45.5,45,direct,7,30,76.37502232196454,0.9350348352447626,2.9404511631889854,0.3303215605185793,51,0.9958179066390057,4,0,0,0,0.26997245179063434,0,69.87645759614966,49,-1,0.6905833957722456,0.3272388030586991,0,0,3.7438394394632306,0,0,-0.17650355656061462,-0.00012397,0.15932981011913003,0.3
151,CYSUSDT,overheated,2026-04-13 15:23:55.889299+00,sl_hit,0.2668,0.2665,0.2692,-0.11244377811093216,-10.131332082551518,0,52.53265047695956,50.8,45,direct,7,30,80.18100771395673,1.5634022660099653,3.532617882034487,0,15,0.25260970026434615,3,0,0,0,0.13333333333331854,5.734e-05,64.82596130006002,17,1,0.736,0.2868007165938663,0,2.222222222222211,0.9084027252081807,0,0,0.029350723057157153,5.734e-05,-0.1356279157732807,-1
147,SUIUSDT,overheated,2026-04-13 14:59:56.580157+00,tp_hit,0.9217,0.9218,0.9121,0.010849517196483563,10.522889997830259,1,48.58998320132294,46.8,45,direct,7,30,65.14728307232637,0.288952612800407,4.883322237472641,0.631324404789312,86,0.06291089117795517,2,0,0,0,0.28571428571426305,0.0001,65.57192629414351,12,-0,0.7987804878048781,0.12098850180172688,30578121.051,0.5673758865248208,0,0,0,-0.39072343371408386,0.0001,0.32168285450815676,1
145,SPXUSDT,overheated,2026-04-13 14:48:43.827914+00,sl_hit,0.3066,0.3068,0.31,0.06523157208089808,-10.430247718383248,0,51.89382170858221,49,45,direct,7,30,74.53711686835994,0.4019859093590571,2.233783291622751,0,14,-0.1637825897054634,0,0,0,0,0,5e-05,68.53732141070222,8,1,0.711764705882353,0.24475088082908536,0,0.36006546644844184,1.8654230512991317,0,0,-0.12369519615613538,5e-05,-0.08963118868519622,1
150,BEATUSDT,overheated,2026-04-13 15:21:17.381998+00,sl_hit,0.38731,0.38659,0.39167,-0.18589760140455927,-13.140536485682581,0,58.01726431333675,53.7,45,direct,9,30,75.04774279244039,1.1399239429753045,2.0132366512544198,0,48,-0.24724032995058978,7,0,0,0,0.8823529411763553,0.00072455,63.59059662871556,51,1,0.7625592417061611,0.2633860341887103,0,0.7832422586520982,2.715182859253792,0,0,0.09353716640846106,0.00072455,-0.3994972814035957,-1
142,IDUSDT,overheated,2026-04-13 14:43:46.278157+00,tp_hit,0.03274,0.03272,0.03239,-0.06108735491752959,10.085574572127047,1,50.66769167718654,50.7,45,direct,7,30,70.00248400754757,0.3526298456771708,5.211259310468548,0.7992992503544575,15,0.15980860495648708,2,0,0,0,0,0,69.77508568666424,2,-0,0.8,0.11642403698510125,0,0.7384615384615297,1.5269554378310919,0,0,-0.22824878281250838,-0.00325249,0.5279698261843143,0.3
149,LITUSDT,overheated,2026-04-13 15:01:51.472952+00,tp_hit,1.1476,1.1473,1.1347,-0.02614151272219998,10.982306284319659,1,46.21297068770423,49.2,45,direct,7,30,74.5331381921176,1.0408726799453403,1.8355333641243956,0.6064478754178154,75,0.005921556204485728,5,0,0,0,0,5e-05,67.64755626707662,6,-0,0.42,0.2509978118204699,0,0.8524474909921822,1.990715943581502,0,0,0.06943464705898222,5e-05,-0.0106938226461384,1
146,NEARUSDT,early_warning,2026-04-13 14:48:44.41416+00,tp_hit,1.4031,1.4028,1.3887,-0.021381227282443658,10.051325919589393,1,45.24025062730624,46.9,45,direct,6,30,68.08537923811184,0.457584714123716,1.1252150840689554,0.5047747089889265,73,-0.04770727977465378,2,0,0,0,0,0,62.317261529372075,27,-1,0.6507601031329842,0.193396057140791,0,0,-0.0856103303131817,0,0,-0.12369519615613538,-7.54e-05,0.20231602335692278,-1
143,AAVEUSDT,overheated,2026-04-13 14:47:36.904993+00,tp_hit,94.88,95.03,93.98,0.15809443507589133,11.04914237609173,1,48.319680519270705,48.2,45,direct,6,30,69.1087380656549,0.3973497280818382,2.649504950695976,0,33,0.18149408680852008,3,0,0,0,0.09523809523807912,0.0001,59.62869967752288,36,1,0.747191011235955,0.19903796900166384,0,0.3596361328538071,1.03224433329786,0,0,0.012094403071696302,0.0001,-0.0767077069499513,1
139,ALGOUSDT,early_warning,2026-04-13 14:36:21.205729+00,tp_hit,0.10476,0.1048,0.1037,0.03818251240931497,10.496183206106906,1,45.07339297180865,52.3,45,direct,7,30,72.28882132444096,0.38681157446366193,0.8861696961872756,0.3858695417496387,28,0.05132512346577603,7,0,0,0,0,0,71.50560764767373,19,-0,0.7126315789473685,0.16000416341786075,0,0.7210845111047021,1.2487899322362046,0,0,-0.20878106977302086,-0.00019506,0.008411811797305442,1
144,1000PEPEUSDT,overheated,2026-04-13 14:48:31.765962+00,tp_hit,0.003555,0.003553,0.003517,-0.05625879043600089,10.132282578103013,1,53.63549120725064,54.4,45,direct,8,30,71.05155983123333,0.3426499323440901,1.5705617779534278,0,32,-0.02282985631667528,6,0,0,0,0.666666666666763,0,69.11345785569222,52,1,0.7635111460852253,0.19789163238608495,0,0.028137310073160744,1.5963511972633997,0,0,-0.12369519615613538,-0.00024943,-0.13291145722713388,1
153,PIXELUSDT,early_warning,2026-04-13 15:45:22.524537+00,sl_hit,0.007416,0.007421,0.007498,0.06742179072275885,-10.375960113192384,0,45.429744463953554,45.4,45,direct,7,30,70.51376082963145,0.5193173066307493,0,0,6,-0.19975945339827111,1,0,0,0,2.999999999999566,5e-05,69.55798448952736,22,1,0.7705882352941176,0.18857815827078078,0,0.21621621621620976,1.7454645409565626,0,0,0.16507121046648987,5e-05,-0.5812159212668958,-0.3
152,FFUSDT,overheated,2026-04-13 15:39:54.195807+00,tp_hit,0.07888,0.07903,0.07822,0.19016227180527048,10.24927242819189,1,47.147564229386155,45.2,45,after_monitor,7,30,62.73439150411307,0.15672622788694243,2.0119942325540667,0.49163900535133226,31,-0.18350307919819536,0,0,0,0,0,5e-05,73.66749595518768,8,-0,0.4171336352782681,0.18645679740347182,0,0.4840764331210259,1.157109796862944,0,0,0.37914903656218374,5e-05,0.33901170280979187,1
155,MAGMAUSDT,overheated,2026-04-13 16:05:22.066503+00,tp_hit,0.18322,0.18307,0.18115,-0.08186879161662672,10.48779155514287,1,50.67183622964134,50.7,45,direct,7,30,71.94614793536655,1.7877542623007794,0.18544949046526416,0,5,0.8144312626869524,5,0,0,0,0.08247422680412046,0.00035038,64.46922490054237,12,0.6061599078995804,0.7560836936858019,0.39409087933285053,0,2.6500084038321385,2.1053219411403337,0,0,0.044989957350081634,0.00035038,0.15169961095231962,1
154,LDOUSDT,overheated,2026-04-13 16:02:36.500447+00,sl_hit,0.3156,0.3159,0.3192,0.09505703422053945,-10.446343779677017,0,46.766780432309446,46.3,45,after_monitor,6,30,88.2692887811771,0.4816967944016073,42.69275894211479,0,54,1.5474943481789245,4,0,0,0,0.5098039215686264,0.0001,73.51291244829126,46,-0,0.36143344709897607,0.24784891013967186,0,0,1.5399422521655524,0,0,-0.05677161530549998,0.0001,-0.08756453402303734,1
